{"cameraMode":{"drawMode":0,"name":"Shaded","section":"Shading Mode"},"sceneLighting":true,"audioPlay":false,"sceneViewState":{"m_AlwaysRefresh":false,"showFog":true,"showSkybox":true,"showFlares":true,"showImageEffects":true,"showParticleSystems":true,"showVisualEffectGraphs":true,"m_FxEnabled":true},"in2DMode":false,"pivot":{"x":72.42447662353516,"y":360.46051025390627,"z":-95.55144500732422},"rotation":{"x":-0.14081111550331117,"y":-0.12881119549274445,"z":-0.018480895087122918,"w":0.9814494848251343},"size":91.12561798095703,"orthographic":false}