{"cameraMode":{"drawMode":0,"name":"Shaded","section":"Shading Mode"},"sceneLighting":true,"audioPlay":false,"sceneViewState":{"m_AlwaysRefresh":false,"showFog":true,"showSkybox":true,"showFlares":true,"showImageEffects":true,"showParticleSystems":true,"showVisualEffectGraphs":true,"m_FxEnabled":true},"in2DMode":false,"pivot":{"x":1.1755672693252564,"y":1.6257925033569337,"z":-8.281777381896973},"rotation":{"x":-0.008288782089948655,"y":0.9915905594825745,"z":-0.09879957139492035,"w":-0.08318967372179032},"size":1.4131512641906739,"orthographic":false}